Мониторинг молчал, потому что был выключен.
Мониторинг молчал, потому что был выключен.
Совет дня: сначала ls, потом rm.
Одна команда — сто файлов. Вот это и есть магия.
На встрече решили назначить встречу.
Ошибка воспроизводится только у заказчика.
Мы не теряем данные, мы их прячем от себя.
Бумажный журнал пережил три миграции.
Не все папки одинаково полезны.
Мы не теряем данные, мы их прячем от себя.
Файл нашёлся в корзине. Корзины нет.
Ошибка 404: обед не найден.
Каждый пробел в имени файла — чья-то слеза.
Утро началось с кофе и падения сервера.
Ошибка воспроизводится только у заказчика.
Табуляция против пробелов: перемирие не подписано.
Терминал не кусается, он просто ждёт.
Ничего не трогай, оно работает.
Терминал не кусается, он просто ждёт.
Задача закрыта, проблема осталась.
Сервер горячий, потому что работает, а не потому что сломан.
Мониторинг молчал, потому что был выключен.
Если сомневаешься — man.
Мы не теряем данные, мы их прячем от себя.
Ничего не трогай, оно работает.
