Чай остыл, тест прошёл.
Кто последний менял конфиг, тот и дежурит.
Регламент лежит в папке, которую никто не открывал.
Кот сел на клавиатуру и запушил в main.
Файл нашёлся в корзине. Корзины нет.
Стажёр удалил tmp и освободил половину диска.
Каждый пробел в имени файла — чья-то слеза.
Кот сел на клавиатуру и запушил в main.
Права 777 — это не решение, это капитуляция.
Утро началось с кофе и падения сервера.
Скрипт работал год, пока не наступил високосный.
Скрипт работал год, пока не наступил високосный.
Каждый пробел в имени файла — чья-то слеза.
Не все папки одинаково полезны.
Каждый пробел в имени файла — чья-то слеза.
Ошибка воспроизводится только у заказчика.
Файл с именем final_final_v2 оказался не финальным.
Задача закрыта, проблема осталась.
Стажёр удалил tmp и освободил половину диска.
Файл с именем final_final_v2 оказался не финальным.
Уборщица нашла кабель, который искали три отдела.
Утро началось с кофе и падения сервера.
Если сомневаешься — man.
Кабель питания тоже часть инфраструктуры.
Бумажный журнал пережил три миграции.
Чай остыл, тест прошёл.
Пароль admin ещё никого не защитил.
Мы не теряем данные, мы их прячем от себя.
Всё шло по плану, пока план не прочитали.
Сборка зелёная, настроение тоже.
Всё шло по плану, пока план не прочитали.
Ничего не трогай, оно работает.
Регламент лежит в папке, которую никто не открывал.
Терминал не кусается, он просто ждёт.
Кабель питания тоже часть инфраструктуры.
Сервер горячий, потому что работает, а не потому что сломан.
Скрипт работал год, пока не наступил високосный.
Не все папки одинаково полезны.
Чай остыл, тест прошёл.
Права 777 — это не решение, это капитуляция.
Файл нашёлся в корзине. Корзины нет.
Одна команда — сто файлов. Вот это и есть магия.
Чай остыл, тест прошёл.
Логи молчат — значит, никто их не пишет.
Ошибка 404: обед не найден.
Чем длиннее путь, тем нужнее Tab.
Никто не читает документацию, пока не сломается прод.
Сисадмин спит, а cron работает.
Чем длиннее путь, тем нужнее Tab.
Файл нашёлся в корзине. Корзины нет.
Никто не читает документацию, пока не сломается прод.
Мы не теряем данные, мы их прячем от себя.
Сборка зелёная, настроение тоже.
Если сомневаешься — man.
Ошибка воспроизводится только у заказчика.
Пятница: деплой отменяется в пользу здравого смысла.
Мы не теряем данные, мы их прячем от себя.
Табуляция против пробелов: перемирие не подписано.
Каждый пробел в имени файла — чья-то слеза.
Задача закрыта, проблема осталась.
Терминал не кусается, он просто ждёт.
Если сомневаешься — man.
Уборщица нашла кабель, который искали три отдела.
Бэкап был. Где-то.
Если сомневаешься — man.
Бэкап был. Где-то.
Бумажный журнал пережил три миграции.
