Кто последний менял конфиг, тот и дежурит.
Одна команда — сто файлов. Вот это и есть магия.
Задача закрыта, проблема осталась.
Права 777 — это не решение, это капитуляция.
Файл с именем final_final_v2 оказался не финальным.
Сисадмин спит, а cron работает.
Права 777 — это не решение, это капитуляция.
Сервер горячий, потому что работает, а не потому что сломан.
Кот сел на клавиатуру и запушил в main.
Сервер горячий, потому что работает, а не потому что сломан.
Не все папки одинаково полезны.
Файл нашёлся в корзине. Корзины нет.
Регламент лежит в папке, которую никто не открывал.
