Регламент лежит в папке, которую никто не открывал.
Ошибка 404: обед не найден.
Никто не читает документацию, пока не сломается прод.
Мы не теряем данные, мы их прячем от себя.
Чем длиннее путь, тем нужнее Tab.
Файл с именем final_final_v2 оказался не финальным.
Никто не читает документацию, пока не сломается прод.
Бумажный журнал пережил три миграции.
Табуляция против пробелов: перемирие не подписано.
Не все папки одинаково полезны.
Мониторинг молчал, потому что был выключен.
Мониторинг молчал, потому что был выключен.
