Кофемашина отвечает быстрее, чем тикет-система.
Ошибка воспроизводится только у заказчика.
Пароль admin ещё никого не защитил.
Задача закрыта, проблема осталась.
Мониторинг молчал, потому что был выключен.
Совет дня: сначала ls, потом rm.
Сервер горячий, потому что работает, а не потому что сломан.
Бумажный журнал пережил три миграции.
Если сомневаешься — man.
Никто не читает документацию, пока не сломается прод.
Файл с именем final_final_v2 оказался не финальным.
Файл с именем final_final_v2 оказался не финальным.
