Скрипт работал год, пока не наступил високосный.
Скрипт работал год, пока не наступил високосный.
Стажёр удалил tmp и освободил половину диска.
Чай остыл, тест прошёл.
Локалхост никогда не подводит.
Ничего не трогай, оно работает.
Кот сел на клавиатуру и запушил в main.
Никто не читает документацию, пока не сломается прод.
Мониторинг молчал, потому что был выключен.
Никто не читает документацию, пока не сломается прод.
Пароль admin ещё никого не защитил.
Бэкап был. Где-то.
Кофемашина отвечает быстрее, чем тикет-система.
Если сомневаешься — man.
Не все папки одинаково полезны.
Табуляция против пробелов: перемирие не подписано.
Бумажный журнал пережил три миграции.
Права 777 — это не решение, это капитуляция.
Локалхост никогда не подводит.
