Сервер горячий, потому что работает, а не потому что сломан.
Чем длиннее путь, тем нужнее Tab.
Утро началось с кофе и падения сервера.
Кто последний менял конфиг, тот и дежурит.
Файл нашёлся в корзине. Корзины нет.
Всё шло по плану, пока план не прочитали.
Чем длиннее путь, тем нужнее Tab.
Задача закрыта, проблема осталась.
Ничего не трогай, оно работает.
Ошибка воспроизводится только у заказчика.
Логи молчат — значит, никто их не пишет.
Логи молчат — значит, никто их не пишет.
Сервер горячий, потому что работает, а не потому что сломан.
Мы не теряем данные, мы их прячем от себя.
