Всё шло по плану, пока план не прочитали.
Регламент лежит в папке, которую никто не открывал.
Ребут решает, но не объясняет.
Кто последний менял конфиг, тот и дежурит.
Кофемашина отвечает быстрее, чем тикет-система.
Табуляция против пробелов: перемирие не подписано.
Скрипт работал год, пока не наступил високосный.
Ребут решает, но не объясняет.
Чем длиннее путь, тем нужнее Tab.
Не все папки одинаково полезны.
Никто не читает документацию, пока не сломается прод.
Ребут решает, но не объясняет.
Файл нашёлся в корзине. Корзины нет.
Мы не теряем данные, мы их прячем от себя.
Одна команда — сто файлов. Вот это и есть магия.
Табуляция против пробелов: перемирие не подписано.
